{"cameraMode":{"drawMode":0,"name":"Shaded","section":"Shading Mode"},"sceneLighting":true,"audioPlay":false,"sceneViewState":{"m_AlwaysRefresh":false,"showFog":true,"showSkybox":true,"showFlares":true,"showImageEffects":true,"showParticleSystems":true,"showVisualEffectGraphs":true,"m_FxEnabled":true},"in2DMode":false,"pivot":{"x":-0.17689992487430573,"y":9.557738304138184,"z":-46.409427642822269},"rotation":{"x":0.25137123465538027,"y":-0.005225104745477438,"z":0.0013598131481558085,"w":0.9678851366043091},"size":6.578674793243408,"orthographic":false}